Date,Time,User,Hashtags,Category,Text,Likes,Comments,Shares
2026-10-01,09:30,Sahil,#AI #Python,Technology,AI is amazing and useful,120,30,20
2026-10-01,11:00,Rahul,#Football #Sports,Sports,Great match today,200,45,60
2026-10-01,14:30,Ankit,#Python #Coding,Technology,Python is excellent,150,35,25
2026-10-02,10:00,Sahil,#AI #ML,Technology,Machine learning is awesome,180,40,30
2026-10-02,18:00,Rahul,#Cricket #Sports,Sports,Wonderful cricket match,250,70,90
2026-10-03,20:30,Ankit,#Music #Entertainment,Entertainment,This song is beautiful,300,80,100
2026-10-03,21:00,Sahil,#AI #Python,Technology,I love artificial intelligence,220,50,40
2026-10-04,12:00,Rohit,#Travel #Nature,Travel,Beautiful place to visit,190,45,50
2026-10-04,16:30,Rahul,#Football #Sports,Bad result and disappointing game,100,30,20
2026-10-05,19:00,Ankit,#Music #Entertainment,Entertainment,This is the worst song,80,20,10