Date,City,Temperature,Weather
2026-09-01,Delhi,34,Sunny
2026-09-02,Delhi,35,Sunny
2026-09-03,Delhi,32,Rainy
2026-09-04,Delhi,33,Cloudy
2026-09-05,Delhi,36,Sunny
2026-09-01,Mumbai,29,Rainy
2026-09-02,Mumbai,30,Cloudy
2026-09-03,Mumbai,28,Rainy
2026-09-04,Mumbai,31,Sunny
2026-09-05,Mumbai,30,Rainy
2026-09-01,Chandigarh,31,Sunny
2026-09-02,Chandigarh,33,Sunny
2026-09-03,Chandigarh,30,Rainy
2026-09-04,Chandigarh,32,Cloudy
2026-09-05,Chandigarh,34,Sunny
2026-09-01,Hisar,35,Sunny
2026-09-02,Hisar,37,Sunny
2026-09-03,Hisar,34,Cloudy
2026-09-04,Hisar,33,Rainy
2026-09-05,Hisar,38,Sunny